240612_tongariro/1.jpeg,image/jpeg,191295,d642d0a35cd776d8d47801dcecb40507
240612_tongariro/2.jpeg,image/jpeg,398707,55f6bf409bbbcc215a90c9d5b1942d28
240612_tongariro/3.jpeg,image/jpeg,584592,5b896f5c1caa0c2111aa0edaaa4696b7
240612_tongariro/4.jpeg,image/jpeg,151071,2fd81992ad379aa7f9c5d18f58f27233
240612_tongariro/5.jpeg,image/jpeg,565811,61421c04713ea92ecf6b561b807db95b
240612_tongariro/6.jpeg,image/jpeg,752671,23c139d92d7c20be1d52c924866d6955
240612_tongariro/7.jpeg,image/jpeg,402080,bc39809bb1cf90ed620b7d4d4d909e85
garston-hops/20241015_115842.jpg,image/jpeg,4689179,66f28d1b216f5225210e88c2bdcb57ee
garston-hops/20241016_144316.jpg,image/jpeg,2202057,9f033c25555e6fd1ac003a3ee9636797
garston-hops/20241016_155143.jpg,image/jpeg,4566650,698c482cee175d2f82c4abe8c66a6bc7
garston-hops/20241016_175138.jpg,image/jpeg,1771731,e550ccf1f361e9f51599cac75a4c7810
garston-hops/20241016_193058.jpg,image/jpeg,4533961,baadaf8572aa060a83c4d5a6be8161c4
homepage/flat-earth-map.png,image/png,224737,d8ee8224055721208fc4da58744fddd9
homepage/minimalism.jpeg,image/jpeg,255393,d8624fb4cdade65c9444c41f46dc0799
homepage/prilet_my_dva.jpeg,image/jpeg,327931,a4a3dbbfa5f0013c8322695cf590dc45
southern_alps/20241209_122716.jpg,image/jpeg,8080654,0b400b50d36a9ef44909d037a4316c6a
southern_alps/20241209_154814.jpg,image/jpeg,6770691,4e5cd48517ab580596d72e7a5db771dc
southern_alps/20241209_183651.jpg,image/jpeg,5972622,7533c896f6768be6fd51c303eeffa0f8
southern_alps/20241209_212056.jpg,image/jpeg,5933490,8b72b8a61a6bf8db95cf7881a415bec8
southern_alps/20241210_090021.jpg,image/jpeg,6126031,a1c29599b9e4b10ea6aabd280a3c5cea
southern_alps/20241210_100948.jpg,image/jpeg,5478744,9b628e53680ed086c1d9482cc4bf8694
southern_alps/20241210_105041.jpg,image/jpeg,3914190,d5f2375117d49b386358bd0924e54b18
southern_alps/20241210_105848.jpg,image/jpeg,6562839,19485952b6e60c364c65264293030010
southern_alps/20241210_113241.jpg,image/jpeg,5385140,0c445c44a5815da24da4835560f800ee
southern_alps/20241210_120050.jpg,image/jpeg,5148980,a50e565dbbcc2e86fd16b581dd3961dc
southern_alps/20241210_193253.jpg,image/jpeg,3959506,c92ca82a4c9ad3c413f79e97f6fb62c2
southern_alps/20241211_091634.jpg,image/jpeg,4197731,7b0df25f50206ec01e3ede33c53cea9d
southern_alps/20241211_113850.jpg,image/jpeg,6009265,3ba3090bbec4cfb54b3cf9821471a86a
southern_alps/20241211_203735.jpg,image/jpeg,5334339,a77f5a42015692aa22a789372c28d277
southern_alps/20241212_193401.jpg,image/jpeg,6521168,c0c0477af82ab7ef38ce69c1f1124c81
southern_alps/20241213_135312.jpg,image/jpeg,6090776,4cb8b342cabfb383c5ce0421a5dae5f9
southern_alps/20241213_141602.jpg,image/jpeg,6957659,eb5d93eaea56c74554915e397d1aabd0
southern_alps/20241213_143220.jpg,image/jpeg,7264097,8001e66fa5ef8b820486d92e0ffbaceb
southern_alps/20241213_150653.jpg,image/jpeg,6969488,2277ac34e6d77dc23874dd00b64b90fb
southern_alps/20241213_175441.jpg,image/jpeg,6664735,2e26bb7f3240d84d4e7662aff8f8d225
southern_alps/20241213_180503.mp4,video/mp4,34382914,129edc6912d969789ecc290c7fd759f7
southern_alps/20241214_160518.jpg,image/jpeg,4325345,a19329d9447c07ca9e3918493f6fe1e1
southern_alps/20241215_095922.jpg,image/jpeg,4824530,ef66dcd61df08214b6fc12d2fd534989
southern_alps/20241215_142640.jpg,image/jpeg,7397472,626a620546d5a28cff303ceed789f0f1
southern_alps/20241215_155548.jpg,image/jpeg,5003032,7798cadb2a9b9de31099006a1856f67d
southern_alps/20241215_171932.mp4,video/mp4,11947555,fb2144ac96818a21718d7df467d215f4
southern_alps/20241215_172025.jpg,image/jpeg,5268559,5ed8dfd3ff8fde3e805760e127690c66
southern_alps/20241215_174645.jpg,image/jpeg,7456681,73d3b5ba07c2a723b307c9f8d1255108
southern_alps/20241215_201228.jpg,image/jpeg,6867806,dc17427b55b1bff4a75df6684b04a21e
southern_alps/20241215_214313.jpg,image/jpeg,5830912,f63dd002722309f959c243782cbad170
southern_alps/20241216_082210.jpg,image/jpeg,3505952,d95c805552a69092fd7c6e7e794eb3bc
southern_alps/20241216_103148.jpg,image/jpeg,6774446,2b1a4898ddc3a3d2e65a127ccc2e7f62
southern_alps/20241216_122147.mp4,video/mp4,13657632,9124cf4524a1a51ca8f7b828d4f74a4b
southern_alps/20241216_131649.jpg,image/jpeg,6302796,33c346a098aa29db1c1aecd282431439
southern_alps/20241216_143048.jpg,image/jpeg,3634651,9e171fc2ff0ed3b5341a83d5c4435bef
southern_alps/20241216_151215.mp4,video/mp4,10071808,d757596417cfa77e63ce6ae9d3103ce8
southern_alps/20241216_161247.jpg,image/jpeg,4463816,b9359bb75d915904775365ac72df3755
southern_alps/20241216_163444.jpg,image/jpeg,6800558,ff6f8d3f4eaff36a0046c8ad7f4e0952
southern_alps/20241217_054159.jpg,image/jpeg,4193581,222073792ab3df512b0babae86031a64
southern_alps/20241217_060144.jpg,image/jpeg,3177712,ece9d62baee0dbe7f5121184331182f6
southern_alps/20241217_060551.jpg,image/jpeg,6055151,9a79c8714812a6723df1e084c138a1cd
southern_alps/20241217_060829.jpg,image/jpeg,6369654,bc759b9703e06824a71d92ea9b1ac05d
southern_alps/20241217_092954.jpg,image/jpeg,6457421,27e49db57549e18aa9b51183046bd23b
southern_alps/20241217_093429.jpg,image/jpeg,6129940,99b8e47f4c465d39116b9b0161ccb7b3
southern_alps/20241217_093904.jpg,image/jpeg,7211422,bc49ab7385aa119f33cf5373370be89d
southern_alps/20241217_094503.jpg,image/jpeg,8492260,bef2fc7a7bcde45f0ad1dea1a8c06f84
southern_alps/20241217_101405.jpg,image/jpeg,7561321,3eae081681e8dd6f293d34c59aa1270c
southern_alps/20241217_154232.jpg,image/jpeg,7461426,db6f0285c96296453c59fd7d42d01f01
southern_alps/20241217_164602.jpg,image/jpeg,8553756,b3163a483a11ad9c7e16105c73075a87
southern_alps/20241217_165530.jpg,image/jpeg,8352354,a98881b93971c4a651838823a352220b
southern_alps/20241217_195337.jpg,image/jpeg,5987909,40488cf821340151c64bc0f10a2acb4f
southern_alps/20241218_110728.jpg,image/jpeg,5525292,806c1137d23a2c8cb03b5b09eeb0a42b
southern_alps/20241218_120755.jpg,image/jpeg,4616666,7b1a32c562e7aa90d83d3feff941ef9b
southern_alps/20241218_124008.jpg,image/jpeg,6036713,b30d1c2128eb01a0f112eed4aac88219
